Tanggal,Harga,Merk,Pasar
2020-01-02,14500,Beras Cap Pandan Wangi,SR
2020-01-02,14500,Beras Cap Pandan Wangi,CP
2020-01-03,14500,Beras Cap Pandan Wangi,SR
2020-01-03,14500,Beras Cap Pandan Wangi,CP
2020-01-06,14500,Beras Cap Pandan Wangi,SR
2020-01-06,14500,Beras Cap Pandan Wangi,CP
2020-01-07,14500,Beras Cap Pandan Wangi,SR
2020-01-07,14500,Beras Cap Pandan Wangi,CP
2020-01-08,14500,Beras Cap Pandan Wangi,SR
2020-01-08,14500,Beras Cap Pandan Wangi,CP
2020-01-09,14500,Beras Cap Pandan Wangi,SR
2020-01-09,14500,Beras Cap Pandan Wangi,CP
2020-01-10,14500,Beras Cap Pandan Wangi,SR
2020-01-10,14500,Beras Cap Pandan Wangi,CP
2020-01-13,14500,Beras Cap Pandan Wangi,SR
2020-01-13,14500,Beras Cap Pandan Wangi,CP
2020-01-14,14500,Beras Cap Pandan Wangi,SR
2020-01-14,14500,Beras Cap Pandan Wangi,CP
2020-01-15,14500,Beras Cap Pandan Wangi,SR
2020-01-15,14500,Beras Cap Pandan Wangi,CP
2020-01-16,14500,Beras Cap Pandan Wangi,SR
2020-01-16,14500,Beras Cap Pandan Wangi,CP
2020-01-17,14500,Beras Cap Pandan Wangi,SR
2020-01-17,14500,Beras Cap Pandan Wangi,CP
2020-01-20,14500,Beras Cap Pandan Wangi,SR
2020-01-20,14500,Beras Cap Pandan Wangi,CP
2020-01-21,14500,Beras Cap Pandan Wangi,SR
2020-01-21,14500,Beras Cap Pandan Wangi,CP
2020-01-22,14500,Beras Cap Pandan Wangi,SR
2020-01-22,14500,Beras Cap Pandan Wangi,CP
2020-01-23,14500,Beras Cap Pandan Wangi,SR
2020-01-23,14500,Beras Cap Pandan Wangi,CP
2020-01-24,14500,Beras Cap Pandan Wangi,SR
2020-01-24,14500,Beras Cap Pandan Wangi,CP
2020-01-27,14500,Beras Cap Pandan Wangi,SR
2020-01-27,14500,Beras Cap Pandan Wangi,CP
2020-01-28,14500,Beras Cap Pandan Wangi,SR
2020-01-28,14500,Beras Cap Pandan Wangi,CP
2020-01-29,14500,Beras Cap Pandan Wangi,SR
2020-01-29,14500,Beras Cap Pandan Wangi,CP
2020-01-30,14500,Beras Cap Pandan Wangi,SR
2020-01-30,14500,Beras Cap Pandan Wangi,CP
2020-01-31,14500,Beras Cap Pandan Wangi,SR
2020-01-31,14500,Beras Cap Pandan Wangi,CP
2020-02-03,14500,Beras Cap Pandan Wangi,SR
2020-02-03,14500,Beras Cap Pandan Wangi,CP
2020-02-04,14500,Beras Cap Pandan Wangi,SR
2020-02-04,14500,Beras Cap Pandan Wangi,CP
2020-02-05,14500,Beras Cap Pandan Wangi,SR
2020-02-05,14500,Beras Cap Pandan Wangi,CP
2020-02-06,14500,Beras Cap Pandan Wangi,SR
2020-02-06,14500,Beras Cap Pandan Wangi,CP
2020-02-07,14500,Beras Cap Pandan Wangi,SR
2020-02-07,14500,Beras Cap Pandan Wangi,CP
2020-02-10,14500,Beras Cap Pandan Wangi,SR
2020-02-10,14500,Beras Cap Pandan Wangi,CP
2020-02-11,14500,Beras Cap Pandan Wangi,SR
2020-02-11,14500,Beras Cap Pandan Wangi,CP
2020-02-12,14500,Beras Cap Pandan Wangi,SR
2020-02-12,14500,Beras Cap Pandan Wangi,CP
2020-02-13,14500,Beras Cap Pandan Wangi,SR
2020-02-13,14500,Beras Cap Pandan Wangi,CP
2020-02-14,14500,Beras Cap Pandan Wangi,SR
2020-02-14,14500,Beras Cap Pandan Wangi,CP
2020-02-17,14500,Beras Cap Pandan Wangi,SR
2020-02-17,14500,Beras Cap Pandan Wangi,CP
2020-02-18,14500,Beras Cap Pandan Wangi,SR
2020-02-18,14500,Beras Cap Pandan Wangi,CP
2020-02-19,14500,Beras Cap Pandan Wangi,SR
2020-02-19,14500,Beras Cap Pandan Wangi,CP
2020-02-20,14500,Beras Cap Pandan Wangi,SR
2020-02-20,14500,Beras Cap Pandan Wangi,CP
2020-02-21,14500,Beras Cap Pandan Wangi,SR
2020-02-21,14500,Beras Cap Pandan Wangi,CP
2020-02-24,14500,Beras Cap Pandan Wangi,SR
2020-02-24,14500,Beras Cap Pandan Wangi,CP
2020-02-25,14500,Beras Cap Pandan Wangi,SR
2020-02-25,14500,Beras Cap Pandan Wangi,CP
2020-02-26,14500,Beras Cap Pandan Wangi,SR
2020-02-26,14500,Beras Cap Pandan Wangi,CP
2020-02-27,14500,Beras Cap Pandan Wangi,SR
2020-02-27,14500,Beras Cap Pandan Wangi,CP
2020-02-28,14500,Beras Cap Pandan Wangi,SR
2020-02-28,14500,Beras Cap Pandan Wangi,CP
2020-03-02,14500,Beras Cap Pandan Wangi,SR
2020-03-02,14500,Beras Cap Pandan Wangi,CP
2020-03-03,14500,Beras Cap Pandan Wangi,SR
2020-03-03,14500,Beras Cap Pandan Wangi,CP
2020-03-04,14500,Beras Cap Pandan Wangi,SR
2020-03-04,14500,Beras Cap Pandan Wangi,CP
2020-03-05,14500,Beras Cap Pandan Wangi,SR
2020-03-05,14500,Beras Cap Pandan Wangi,CP
2020-03-06,14500,Beras Cap Pandan Wangi,SR
2020-03-06,14500,Beras Cap Pandan Wangi,CP
2020-03-09,14500,Beras Cap Pandan Wangi,SR
2020-03-09,14500,Beras Cap Pandan Wangi,CP
2020-03-10,14500,Beras Cap Pandan Wangi,SR
2020-03-10,14500,Beras Cap Pandan Wangi,CP
2020-03-11,14500,Beras Cap Pandan Wangi,SR
2020-03-11,14500,Beras Cap Pandan Wangi,CP
2020-03-12,14500,Beras Cap Pandan Wangi,SR
2020-03-12,14500,Beras Cap Pandan Wangi,CP
2020-03-13,14500,Beras Cap Pandan Wangi,SR
2020-03-13,14500,Beras Cap Pandan Wangi,CP
2020-03-16,14500,Beras Cap Pandan Wangi,SR
2020-03-16,14500,Beras Cap Pandan Wangi,CP
2020-03-17,14500,Beras Cap Pandan Wangi,SR
2020-03-17,14500,Beras Cap Pandan Wangi,CP
2020-03-18,14500,Beras Cap Pandan Wangi,SR
2020-03-18,14500,Beras Cap Pandan Wangi,CP
2020-03-19,14500,Beras Cap Pandan Wangi,SR
2020-03-19,14500,Beras Cap Pandan Wangi,CP
2020-03-20,14500,Beras Cap Pandan Wangi,SR
2020-03-20,14500,Beras Cap Pandan Wangi,CP
2020-03-23,14500,Beras Cap Pandan Wangi,SR
2020-03-23,14500,Beras Cap Pandan Wangi,CP
2020-03-24,14500,Beras Cap Pandan Wangi,SR
2020-03-24,14500,Beras Cap Pandan Wangi,CP
2020-03-26,14500,Beras Cap Pandan Wangi,SR
2020-03-26,14500,Beras Cap Pandan Wangi,CP
2020-03-27,14500,Beras Cap Pandan Wangi,SR
2020-03-27,14500,Beras Cap Pandan Wangi,CP
2020-03-30,14500,Beras Cap Pandan Wangi,SR
2020-03-30,14500,Beras Cap Pandan Wangi,CP
2020-03-31,14500,Beras Cap Pandan Wangi,SR
2020-03-31,14500,Beras Cap Pandan Wangi,CP
2020-04-01,14500,Beras Cap Pandan Wangi,SR
2020-04-01,14500,Beras Cap Pandan Wangi,CP
2020-04-02,14500,Beras Cap Pandan Wangi,SR
2020-04-02,14500,Beras Cap Pandan Wangi,CP
2020-04-03,14500,Beras Cap Pandan Wangi,SR
2020-04-03,14500,Beras Cap Pandan Wangi,CP
2020-04-06,14500,Beras Cap Pandan Wangi,SR
2020-04-06,14500,Beras Cap Pandan Wangi,CP
2020-04-07,14500,Beras Cap Pandan Wangi,SR
2020-04-07,14500,Beras Cap Pandan Wangi,CP
2020-04-08,14500,Beras Cap Pandan Wangi,SR
2020-04-08,14500,Beras Cap Pandan Wangi,CP
2020-04-09,14500,Beras Cap Pandan Wangi,SR
2020-04-09,14500,Beras Cap Pandan Wangi,CP
2020-04-13,14500,Beras Cap Pandan Wangi,SR
2020-04-13,14500,Beras Cap Pandan Wangi,CP
2020-04-14,14500,Beras Cap Pandan Wangi,SR
2020-04-14,14500,Beras Cap Pandan Wangi,CP
2020-04-15,14500,Beras Cap Pandan Wangi,SR
2020-04-15,14500,Beras Cap Pandan Wangi,CP
2020-04-16,14500,Beras Cap Pandan Wangi,SR
2020-04-16,14500,Beras Cap Pandan Wangi,CP
2020-04-17,14500,Beras Cap Pandan Wangi,SR
2020-04-17,14500,Beras Cap Pandan Wangi,CP
2020-04-20,14500,Beras Cap Pandan Wangi,SR
2020-04-20,14500,Beras Cap Pandan Wangi,CP
2020-04-21,14500,Beras Cap Pandan Wangi,SR
2020-04-21,14500,Beras Cap Pandan Wangi,CP
2020-04-22,14500,Beras Cap Pandan Wangi,SR
2020-04-22,14500,Beras Cap Pandan Wangi,CP
2020-04-23,14500,Beras Cap Pandan Wangi,SR
2020-04-23,14500,Beras Cap Pandan Wangi,CP
2020-04-24,14500,Beras Cap Pandan Wangi,SR
2020-04-24,14500,Beras Cap Pandan Wangi,CP
2020-04-27,14500,Beras Cap Pandan Wangi,SR
2020-04-27,14500,Beras Cap Pandan Wangi,CP
2020-04-28,14500,Beras Cap Pandan Wangi,SR
2020-04-28,14500,Beras Cap Pandan Wangi,CP
2020-04-29,14500,Beras Cap Pandan Wangi,SR
2020-04-29,14500,Beras Cap Pandan Wangi,CP
2020-04-30,14500,Beras Cap Pandan Wangi,SR
2020-04-30,14500,Beras Cap Pandan Wangi,CP
2020-05-01,14500,Beras Cap Pandan Wangi,CP
2020-05-04,14500,Beras Cap Pandan Wangi,SR
2020-05-04,14500,Beras Cap Pandan Wangi,CP
2020-05-05,14500,Beras Cap Pandan Wangi,SR
2020-05-05,14500,Beras Cap Pandan Wangi,CP
2020-05-06,14500,Beras Cap Pandan Wangi,SR
2020-05-06,14500,Beras Cap Pandan Wangi,CP
2020-05-07,14500,Beras Cap Pandan Wangi,CP
2020-05-08,14500,Beras Cap Pandan Wangi,SR
2020-05-08,14500,Beras Cap Pandan Wangi,CP
2020-05-11,14500,Beras Cap Pandan Wangi,SR
2020-05-11,14500,Beras Cap Pandan Wangi,CP
2020-05-12,14500,Beras Cap Pandan Wangi,SR
2020-05-12,14500,Beras Cap Pandan Wangi,CP
2020-05-13,14500,Beras Cap Pandan Wangi,SR
2020-05-13,14500,Beras Cap Pandan Wangi,CP
2020-05-14,14500,Beras Cap Pandan Wangi,SR
2020-05-14,14500,Beras Cap Pandan Wangi,CP
2020-05-15,14500,Beras Cap Pandan Wangi,SR
2020-05-15,14500,Beras Cap Pandan Wangi,CP
2020-05-18,14500,Beras Cap Pandan Wangi,SR
2020-05-18,14500,Beras Cap Pandan Wangi,CP
2020-05-19,14500,Beras Cap Pandan Wangi,SR
2020-05-19,14500,Beras Cap Pandan Wangi,CP
2020-05-20,14500,Beras Cap Pandan Wangi,SR
2020-05-20,14500,Beras Cap Pandan Wangi,CP
2020-05-21,14500,Beras Cap Pandan Wangi,SR
2020-05-21,14500,Beras Cap Pandan Wangi,CP
2020-05-22,14500,Beras Cap Pandan Wangi,SR
2020-05-22,14500,Beras Cap Pandan Wangi,CP
2020-05-25,14500,Beras Cap Pandan Wangi,CP
2020-05-26,14500,Beras Cap Pandan Wangi,SR
2020-05-26,14500,Beras Cap Pandan Wangi,CP
2020-05-27,14500,Beras Cap Pandan Wangi,SR
2020-05-27,14500,Beras Cap Pandan Wangi,CP
2020-05-28,14500,Beras Cap Pandan Wangi,SR
2020-05-28,14500,Beras Cap Pandan Wangi,CP
2020-05-29,14500,Beras Cap Pandan Wangi,SR
2020-05-29,14500,Beras Cap Pandan Wangi,CP
2020-06-01,14500,Beras Cap Pandan Wangi,CP
2020-06-02,14500,Beras Cap Pandan Wangi,SR
2020-06-02,14500,Beras Cap Pandan Wangi,CP
2020-06-03,14500,Beras Cap Pandan Wangi,SR
2020-06-03,14500,Beras Cap Pandan Wangi,CP
2020-06-04,14500,Beras Cap Pandan Wangi,SR
2020-06-04,14500,Beras Cap Pandan Wangi,CP
2020-06-05,14500,Beras Cap Pandan Wangi,SR
2020-06-05,14500,Beras Cap Pandan Wangi,CP
2020-06-08,14500,Beras Cap Pandan Wangi,SR
2020-06-08,14500,Beras Cap Pandan Wangi,CP
2020-06-09,14500,Beras Cap Pandan Wangi,SR
2020-06-09,14500,Beras Cap Pandan Wangi,CP
2020-06-10,14500,Beras Cap Pandan Wangi,SR
2020-06-10,14500,Beras Cap Pandan Wangi,CP
2020-06-11,14500,Beras Cap Pandan Wangi,SR
2020-06-11,14500,Beras Cap Pandan Wangi,CP
2020-06-12,14500,Beras Cap Pandan Wangi,SR
2020-06-12,14500,Beras Cap Pandan Wangi,CP
2020-06-15,14500,Beras Cap Pandan Wangi,SR
2020-06-15,14500,Beras Cap Pandan Wangi,CP
2020-06-16,14500,Beras Cap Pandan Wangi,SR
2020-06-16,14500,Beras Cap Pandan Wangi,CP
2020-06-17,14500,Beras Cap Pandan Wangi,SR
2020-06-17,14500,Beras Cap Pandan Wangi,CP
2020-06-18,14500,Beras Cap Pandan Wangi,SR
2020-06-18,14500,Beras Cap Pandan Wangi,CP
2020-06-19,14500,Beras Cap Pandan Wangi,SR
2020-06-19,14500,Beras Cap Pandan Wangi,CP
2020-06-22,14500,Beras Cap Pandan Wangi,SR
2020-06-22,14500,Beras Cap Pandan Wangi,CP
2020-06-23,14500,Beras Cap Pandan Wangi,SR
2020-06-23,14500,Beras Cap Pandan Wangi,CP
2020-06-24,14500,Beras Cap Pandan Wangi,SR
2020-06-24,14000,Beras Cap Pandan Wangi,CP
2020-06-25,14500,Beras Cap Pandan Wangi,SR
2020-06-25,14500,Beras Cap Pandan Wangi,CP
2020-06-26,14500,Beras Cap Pandan Wangi,SR
2020-06-26,14500,Beras Cap Pandan Wangi,CP
2020-06-29,14500,Beras Cap Pandan Wangi,SR
2020-06-29,14500,Beras Cap Pandan Wangi,CP
2020-06-30,14500,Beras Cap Pandan Wangi,SR
2020-06-30,14500,Beras Cap Pandan Wangi,CP
2020-07-01,14500,Beras Cap Pandan Wangi,SR
2020-07-01,14500,Beras Cap Pandan Wangi,CP
2020-07-02,14500,Beras Cap Pandan Wangi,SR
2020-07-02,14500,Beras Cap Pandan Wangi,CP
2020-07-03,14500,Beras Cap Pandan Wangi,SR
2020-07-03,14500,Beras Cap Pandan Wangi,CP
2020-07-06,14500,Beras Cap Pandan Wangi,SR
2020-07-06,14500,Beras Cap Pandan Wangi,CP
2020-07-07,14500,Beras Cap Pandan Wangi,SR
2020-07-07,14500,Beras Cap Pandan Wangi,CP
2020-07-08,14500,Beras Cap Pandan Wangi,SR
2020-07-08,14500,Beras Cap Pandan Wangi,CP
2020-07-09,14500,Beras Cap Pandan Wangi,SR
2020-07-09,14500,Beras Cap Pandan Wangi,CP
2020-07-10,14500,Beras Cap Pandan Wangi,SR
2020-07-10,14500,Beras Cap Pandan Wangi,CP
2020-07-13,14500,Beras Cap Pandan Wangi,SR
2020-07-13,14500,Beras Cap Pandan Wangi,CP
2020-07-14,14500,Beras Cap Pandan Wangi,SR
2020-07-14,14500,Beras Cap Pandan Wangi,CP
2020-07-15,14500,Beras Cap Pandan Wangi,SR
2020-07-15,14500,Beras Cap Pandan Wangi,CP
2020-07-16,14500,Beras Cap Pandan Wangi,SR
2020-07-16,14500,Beras Cap Pandan Wangi,CP
2020-07-17,14500,Beras Cap Pandan Wangi,SR
2020-07-17,14500,Beras Cap Pandan Wangi,CP
2020-07-20,14500,Beras Cap Pandan Wangi,SR
2020-07-20,14500,Beras Cap Pandan Wangi,CP
2020-07-21,14500,Beras Cap Pandan Wangi,SR
2020-07-21,14500,Beras Cap Pandan Wangi,CP
2020-07-22,14500,Beras Cap Pandan Wangi,SR
2020-07-22,14500,Beras Cap Pandan Wangi,CP
2020-07-23,14500,Beras Cap Pandan Wangi,SR
2020-07-23,14500,Beras Cap Pandan Wangi,CP
2020-07-24,14500,Beras Cap Pandan Wangi,SR
2020-07-24,14500,Beras Cap Pandan Wangi,CP
2020-07-27,14500,Beras Cap Pandan Wangi,SR
2020-07-27,14500,Beras Cap Pandan Wangi,CP
2020-07-28,14500,Beras Cap Pandan Wangi,SR
2020-07-28,14500,Beras Cap Pandan Wangi,CP
2020-07-29,14500,Beras Cap Pandan Wangi,SR
2020-07-29,14500,Beras Cap Pandan Wangi,CP
2020-07-30,14500,Beras Cap Pandan Wangi,SR
2020-07-30,14500,Beras Cap Pandan Wangi,CP
2020-07-31,14500,Beras Cap Pandan Wangi,CP
2020-08-03,14500,Beras Cap Pandan Wangi,SR
2020-08-03,14500,Beras Cap Pandan Wangi,CP
2020-08-04,14500,Beras Cap Pandan Wangi,SR
2020-08-04,14500,Beras Cap Pandan Wangi,CP
2020-08-05,14500,Beras Cap Pandan Wangi,SR
2020-08-05,14500,Beras Cap Pandan Wangi,CP
2020-08-06,14500,Beras Cap Pandan Wangi,SR
2020-08-06,14500,Beras Cap Pandan Wangi,CP
2020-08-07,14500,Beras Cap Pandan Wangi,SR
2020-08-07,14500,Beras Cap Pandan Wangi,CP
2020-08-10,14500,Beras Cap Pandan Wangi,SR
2020-08-10,14500,Beras Cap Pandan Wangi,CP
2020-08-11,14500,Beras Cap Pandan Wangi,SR
2020-08-11,14500,Beras Cap Pandan Wangi,CP
2020-08-12,14500,Beras Cap Pandan Wangi,SR
2020-08-12,14500,Beras Cap Pandan Wangi,CP
2020-08-13,14500,Beras Cap Pandan Wangi,SR
2020-08-13,14500,Beras Cap Pandan Wangi,CP
2020-08-14,14500,Beras Cap Pandan Wangi,SR
2020-08-14,14500,Beras Cap Pandan Wangi,CP
2020-08-17,,Beras Cap Pandan Wangi,CP
2020-08-18,14500,Beras Cap Pandan Wangi,SR
2020-08-18,14500,Beras Cap Pandan Wangi,CP
2020-08-19,14500,Beras Cap Pandan Wangi,SR
2020-08-19,14500,Beras Cap Pandan Wangi,CP
2020-08-20,14500,Beras Cap Pandan Wangi,CP
2020-08-24,14500,Beras Cap Pandan Wangi,SR
2020-08-24,14500,Beras Cap Pandan Wangi,CP
2020-08-25,14500,Beras Cap Pandan Wangi,SR
2020-08-25,14500,Beras Cap Pandan Wangi,CP
2020-08-26,14500,Beras Cap Pandan Wangi,SR
2020-08-26,14500,Beras Cap Pandan Wangi,CP
2020-08-27,14500,Beras Cap Pandan Wangi,SR
2020-08-27,14500,Beras Cap Pandan Wangi,CP
2020-08-28,14500,Beras Cap Pandan Wangi,SR
2020-08-28,14500,Beras Cap Pandan Wangi,CP
2020-08-31,14500,Beras Cap Pandan Wangi,SR
2020-08-31,14500,Beras Cap Pandan Wangi,CP
2020-09-01,14500,Beras Cap Pandan Wangi,SR
2020-09-01,14500,Beras Cap Pandan Wangi,CP
2020-09-02,14500,Beras Cap Pandan Wangi,SR
2020-09-02,14500,Beras Cap Pandan Wangi,CP
2020-09-03,14500,Beras Cap Pandan Wangi,SR
2020-09-03,14500,Beras Cap Pandan Wangi,CP
2020-09-04,14500,Beras Cap Pandan Wangi,SR
2020-09-04,14500,Beras Cap Pandan Wangi,CP
2020-09-07,14500,Beras Cap Pandan Wangi,SR
2020-09-07,14500,Beras Cap Pandan Wangi,CP
2020-09-08,14500,Beras Cap Pandan Wangi,SR
2020-09-08,14500,Beras Cap Pandan Wangi,CP
2020-09-09,14500,Beras Cap Pandan Wangi,SR
2020-09-09,14500,Beras Cap Pandan Wangi,CP
2020-09-10,14500,Beras Cap Pandan Wangi,SR
2020-09-10,14500,Beras Cap Pandan Wangi,CP
2020-09-11,14500,Beras Cap Pandan Wangi,SR
2020-09-11,14500,Beras Cap Pandan Wangi,CP
2020-09-14,14500,Beras Cap Pandan Wangi,SR
2020-09-14,14500,Beras Cap Pandan Wangi,CP
2020-09-15,14500,Beras Cap Pandan Wangi,SR
2020-09-15,14500,Beras Cap Pandan Wangi,CP
2020-09-16,14500,Beras Cap Pandan Wangi,SR
2020-09-16,14500,Beras Cap Pandan Wangi,CP
2020-09-17,14500,Beras Cap Pandan Wangi,SR
2020-09-17,14500,Beras Cap Pandan Wangi,CP
2020-09-18,14500,Beras Cap Pandan Wangi,SR
2020-09-18,14500,Beras Cap Pandan Wangi,CP
2020-09-21,14500,Beras Cap Pandan Wangi,SR
2020-09-21,14500,Beras Cap Pandan Wangi,CP
2020-09-22,14500,Beras Cap Pandan Wangi,SR
2020-09-22,14500,Beras Cap Pandan Wangi,CP
2020-09-23,14500,Beras Cap Pandan Wangi,SR
2020-09-23,14500,Beras Cap Pandan Wangi,CP
2020-09-24,14500,Beras Cap Pandan Wangi,SR
2020-09-24,14500,Beras Cap Pandan Wangi,CP
2020-09-25,14500,Beras Cap Pandan Wangi,SR
2020-09-25,14500,Beras Cap Pandan Wangi,CP
2020-09-28,14500,Beras Cap Pandan Wangi,SR
2020-09-28,14500,Beras Cap Pandan Wangi,CP
2020-09-29,14500,Beras Cap Pandan Wangi,SR
2020-09-29,14500,Beras Cap Pandan Wangi,CP
2020-09-30,14500,Beras Cap Pandan Wangi,SR
2020-09-30,14500,Beras Cap Pandan Wangi,CP
2020-10-01,14500,Beras Cap Pandan Wangi,SR
2020-10-01,14500,Beras Cap Pandan Wangi,CP
2020-10-02,14500,Beras Cap Pandan Wangi,SR
2020-10-02,14500,Beras Cap Pandan Wangi,CP
2020-10-05,14500,Beras Cap Pandan Wangi,SR
2020-10-05,14500,Beras Cap Pandan Wangi,CP
2020-10-06,14500,Beras Cap Pandan Wangi,SR
2020-10-06,14500,Beras Cap Pandan Wangi,CP
2020-10-07,14500,Beras Cap Pandan Wangi,SR
2020-10-07,14500,Beras Cap Pandan Wangi,CP
2020-10-08,14500,Beras Cap Pandan Wangi,SR
2020-10-08,14500,Beras Cap Pandan Wangi,CP
2020-10-09,14500,Beras Cap Pandan Wangi,SR
2020-10-09,14500,Beras Cap Pandan Wangi,CP
2020-10-12,14500,Beras Cap Pandan Wangi,SR
2020-10-12,14500,Beras Cap Pandan Wangi,CP
2020-10-13,14500,Beras Cap Pandan Wangi,SR
2020-10-13,14500,Beras Cap Pandan Wangi,CP
2020-10-14,14500,Beras Cap Pandan Wangi,SR
2020-10-14,14500,Beras Cap Pandan Wangi,CP
2020-10-15,14500,Beras Cap Pandan Wangi,SR
2020-10-15,14500,Beras Cap Pandan Wangi,CP
2020-10-16,14500,Beras Cap Pandan Wangi,SR
2020-10-16,14500,Beras Cap Pandan Wangi,CP
2020-10-19,14500,Beras Cap Pandan Wangi,SR
2020-10-19,14500,Beras Cap Pandan Wangi,CP
2020-10-20,14500,Beras Cap Pandan Wangi,SR
2020-10-20,14500,Beras Cap Pandan Wangi,CP
2020-10-21,14500,Beras Cap Pandan Wangi,SR
2020-10-21,14500,Beras Cap Pandan Wangi,CP
2020-10-22,14500,Beras Cap Pandan Wangi,SR
2020-10-22,14500,Beras Cap Pandan Wangi,CP
2020-10-23,14500,Beras Cap Pandan Wangi,SR
2020-10-23,14500,Beras Cap Pandan Wangi,CP
2020-10-26,14500,Beras Cap Pandan Wangi,SR
2020-10-26,14500,Beras Cap Pandan Wangi,CP
2020-10-27,14500,Beras Cap Pandan Wangi,SR
2020-10-27,14500,Beras Cap Pandan Wangi,CP
2020-10-29,,Beras Cap Pandan Wangi,CP
2020-11-02,14500,Beras Cap Pandan Wangi,SR
2020-11-02,14500,Beras Cap Pandan Wangi,CP
2020-11-03,14500,Beras Cap Pandan Wangi,SR
2020-11-03,14500,Beras Cap Pandan Wangi,CP
2020-11-04,14500,Beras Cap Pandan Wangi,SR
2020-11-04,14500,Beras Cap Pandan Wangi,CP
2020-11-05,14500,Beras Cap Pandan Wangi,SR
2020-11-05,14500,Beras Cap Pandan Wangi,CP
2020-11-06,14500,Beras Cap Pandan Wangi,SR
2020-11-06,14500,Beras Cap Pandan Wangi,CP
2020-11-09,14500,Beras Cap Pandan Wangi,SR
2020-11-09,14500,Beras Cap Pandan Wangi,CP
2020-11-10,14500,Beras Cap Pandan Wangi,SR
2020-11-10,14500,Beras Cap Pandan Wangi,CP
2020-11-11,14500,Beras Cap Pandan Wangi,SR
2020-11-11,14500,Beras Cap Pandan Wangi,CP
2020-11-12,14500,Beras Cap Pandan Wangi,SR
2020-11-12,14500,Beras Cap Pandan Wangi,CP
2020-11-13,14500,Beras Cap Pandan Wangi,SR
2020-11-13,14500,Beras Cap Pandan Wangi,CP
2020-11-16,14500,Beras Cap Pandan Wangi,SR
2020-11-16,14500,Beras Cap Pandan Wangi,CP
2020-11-17,14500,Beras Cap Pandan Wangi,SR
2020-11-17,14500,Beras Cap Pandan Wangi,CP
2020-11-18,14500,Beras Cap Pandan Wangi,SR
2020-11-18,14500,Beras Cap Pandan Wangi,CP
2020-11-19,14500,Beras Cap Pandan Wangi,SR
2020-11-19,14500,Beras Cap Pandan Wangi,CP
2020-11-20,14500,Beras Cap Pandan Wangi,SR
2020-11-20,14500,Beras Cap Pandan Wangi,CP
2020-11-23,14500,Beras Cap Pandan Wangi,SR
2020-11-23,14500,Beras Cap Pandan Wangi,CP
2020-11-24,14500,Beras Cap Pandan Wangi,SR
2020-11-24,14500,Beras Cap Pandan Wangi,CP
2020-11-25,14500,Beras Cap Pandan Wangi,SR
2020-11-25,14500,Beras Cap Pandan Wangi,CP
2020-11-26,14500,Beras Cap Pandan Wangi,SR
2020-11-26,14500,Beras Cap Pandan Wangi,CP
2020-11-27,14500,Beras Cap Pandan Wangi,SR
2020-11-27,14500,Beras Cap Pandan Wangi,CP
2020-11-30,14500,Beras Cap Pandan Wangi,SR
2020-11-30,14500,Beras Cap Pandan Wangi,CP
2020-12-01,14500,Beras Cap Pandan Wangi,SR
2020-12-01,14500,Beras Cap Pandan Wangi,CP
2020-12-02,14500,Beras Cap Pandan Wangi,SR
2020-12-02,14500,Beras Cap Pandan Wangi,CP
2020-12-03,14500,Beras Cap Pandan Wangi,SR
2020-12-03,14500,Beras Cap Pandan Wangi,CP
2020-12-04,14500,Beras Cap Pandan Wangi,SR
2020-12-04,14500,Beras Cap Pandan Wangi,CP
2020-12-07,14000,Beras Cap Pandan Wangi,SR
2020-12-07,14500,Beras Cap Pandan Wangi,CP
2020-12-08,14000,Beras Cap Pandan Wangi,SR
2020-12-08,14500,Beras Cap Pandan Wangi,CP
2020-12-10,14000,Beras Cap Pandan Wangi,SR
2020-12-10,14500,Beras Cap Pandan Wangi,CP
2020-12-11,14000,Beras Cap Pandan Wangi,SR
2020-12-11,14500,Beras Cap Pandan Wangi,CP
2020-12-14,14000,Beras Cap Pandan Wangi,SR
2020-12-14,14500,Beras Cap Pandan Wangi,CP
2020-12-15,14000,Beras Cap Pandan Wangi,SR
2020-12-15,14500,Beras Cap Pandan Wangi,CP
2020-12-16,14000,Beras Cap Pandan Wangi,SR
2020-12-16,14500,Beras Cap Pandan Wangi,CP
2020-12-17,14000,Beras Cap Pandan Wangi,SR
2020-12-17,14500,Beras Cap Pandan Wangi,CP
2020-12-18,14000,Beras Cap Pandan Wangi,SR
2020-12-18,14500,Beras Cap Pandan Wangi,CP
2020-12-21,14000,Beras Cap Pandan Wangi,SR
2020-12-21,14500,Beras Cap Pandan Wangi,CP
2020-12-22,14000,Beras Cap Pandan Wangi,SR
2020-12-22,14500,Beras Cap Pandan Wangi,CP
2020-12-23,14000,Beras Cap Pandan Wangi,SR
2020-12-23,14500,Beras Cap Pandan Wangi,CP
2020-12-24,,Beras Cap Pandan Wangi,CP
2020-12-25,13500,Beras Cap Pandan Wangi,CP
2020-12-28,14000,Beras Cap Pandan Wangi,SR
2020-12-28,14500,Beras Cap Pandan Wangi,CP
2020-12-29,14000,Beras Cap Pandan Wangi,SR
2020-12-29,14500,Beras Cap Pandan Wangi,CP
2020-12-30,14000,Beras Cap Pandan Wangi,SR
2020-12-30,14500,Beras Cap Pandan Wangi,CP
